DATE ADDED TO CATALOG	PUBMEDID	FIRST AUTHOR	DATE	JOURNAL	LINK	STUDY	DISEASE/TRAIT	INITIAL SAMPLE SIZE	REPLICATION SAMPLE SIZE	REGION	CHR_ID	CHR_POS	REPORTED GENE(S)	MAPPED_GENE	UPSTREAM_GENE_ID	DOWNSTREAM_GENE_ID	SNP_GENE_IDS	UPSTREAM_GENE_DISTANCE	DOWNSTREAM_GENE_DISTANCE	STRONGEST SNP-RISK ALLELE	SNPS	MERGED	SNP_ID_CURRENT	CONTEXT	INTERGENIC	RISK ALLELE FREQUENCY	P-VALUE	PVALUE_MLOG	P-VALUE (TEXT)	OR or BETA	95% CI (TEXT)	PLATFORM [SNPS PASSING QC]	CNV	MAPPED_TRAIT	MAPPED_TRAIT_URI	STUDY ACCESSION	GENOTYPING TECHNOLOGY
2024-12-03	39503264	Hwang YS	2024-11-06	Mov Disord	www.ncbi.nlm.nih.gov/pubmed/39503264	Identification of Novel Genetic Loci Affecting Age at Onset of Parkinson's Disease: A Genome-wide Association Study.	Parkinson's disease (age of onset)	1,048 Korean ancestry individuals	NA	1q42.3	1	235867701		LYST			ENSG00000143669			rs4659610-G	rs4659610	0	4659610	intron_variant	0	0.209	9E-8	7.045757490560675		2.949	[1.877-4.021] unit increase	NR [7508513] (imputed)	N	age of onset of Parkinson disease	http://purl.obolibrary.org/obo/OBA_2001009	GCST90472788	Genome-wide genotyping array
2024-12-03	39503264	Hwang YS	2024-11-06	Mov Disord	www.ncbi.nlm.nih.gov/pubmed/39503264	Identification of Novel Genetic Loci Affecting Age at Onset of Parkinson's Disease: A Genome-wide Association Study.	Parkinson's disease (age of onset)	1,048 Korean ancestry individuals	NA	3q13.11	3	105114639		EZRP1 - ALCAM	ENSG00000243635	ENSG00000170017		611373	252067	rs2134545-A	rs2134545	0	2134545	intergenic_variant	1	0.4513	2E-8	7.698970004336019		2.459	[-3.31--1.608] unit decrease	NR [7508513] (imputed)	N	age of onset of Parkinson disease	http://purl.obolibrary.org/obo/OBA_2001009	GCST90472788	Genome-wide genotyping array
2024-12-03	39503264	Hwang YS	2024-11-06	Mov Disord	www.ncbi.nlm.nih.gov/pubmed/39503264	Identification of Novel Genetic Loci Affecting Age at Onset of Parkinson's Disease: A Genome-wide Association Study.	Parkinson's disease (age of onset)	1,048 Korean ancestry individuals	NA	1p34.2	1	43443594		SZT2			ENSG00000198198			rs2255632-C	rs2255632	0	2255632	splice_region_variant	0	0.1679	2E-6	5.698970004336019		2.811	[-3.962--1.659] unit decrease	NR [7508513] (imputed)	N	age of onset of Parkinson disease	http://purl.obolibrary.org/obo/OBA_2001009	GCST90472788	Genome-wide genotyping array
2024-12-03	39503264	Hwang YS	2024-11-06	Mov Disord	www.ncbi.nlm.nih.gov/pubmed/39503264	Identification of Novel Genetic Loci Affecting Age at Onset of Parkinson's Disease: A Genome-wide Association Study.	Parkinson's disease (age of onset)	1,048 Korean ancestry individuals	NA	1q41	1	217328132		ESRRG - GPATCH2	ENSG00000196482	ENSG00000092978		190377	98860	rs12758038-G	rs12758038	0	12758038	intergenic_variant	1	0.4571	2E-6	5.698970004336019		2.146	[-3.019--1.272] unit decrease	NR [7508513] (imputed)	N	age of onset of Parkinson disease	http://purl.obolibrary.org/obo/OBA_2001009	GCST90472788	Genome-wide genotyping array
2024-12-03	39503264	Hwang YS	2024-11-06	Mov Disord	www.ncbi.nlm.nih.gov/pubmed/39503264	Identification of Novel Genetic Loci Affecting Age at Onset of Parkinson's Disease: A Genome-wide Association Study.	Parkinson's disease (age of onset)	1,048 Korean ancestry individuals	NA	1q43	1	243320063		SDCCAG8			ENSG00000054282			rs12145004-G	rs12145004	0	12145004	intron_variant	0	0.07013	3E-6	5.522878745280337		4.027	[-5.719--2.335] unit decrease	NR [7508513] (imputed)	N	age of onset of Parkinson disease	http://purl.obolibrary.org/obo/OBA_2001009	GCST90472788	Genome-wide genotyping array
2024-12-03	39503264	Hwang YS	2024-11-06	Mov Disord	www.ncbi.nlm.nih.gov/pubmed/39503264	Identification of Novel Genetic Loci Affecting Age at Onset of Parkinson's Disease: A Genome-wide Association Study.	Parkinson's disease (age of onset)	1,048 Korean ancestry individuals	NA	3q23	3	140661355		CLSTN2-AS1			ENSG00000250433			rs140021345-G	rs140021345	0	140021345	intron_variant	0	0.2042	7E-6	5.154901959985743		2.466	[1.395-3.536] unit increase	NR [7508513] (imputed)	N	age of onset of Parkinson disease	http://purl.obolibrary.org/obo/OBA_2001009	GCST90472788	Genome-wide genotyping array
2024-12-03	39503264	Hwang YS	2024-11-06	Mov Disord	www.ncbi.nlm.nih.gov/pubmed/39503264	Identification of Novel Genetic Loci Affecting Age at Onset of Parkinson's Disease: A Genome-wide Association Study.	Parkinson's disease (age of onset)	1,048 Korean ancestry individuals	NA	4q32.2	4	161987969		FSTL5			ENSG00000168843			rs3053523-AACTT	rs3053523	0	3053523	intron_variant	0	0.4165	1E-5	5.0		1.983	[-2.856--1.109] unit decrease	NR [7508513] (imputed)	N	age of onset of Parkinson disease	http://purl.obolibrary.org/obo/OBA_2001009	GCST90472788	Genome-wide genotyping array
2024-12-03	39503264	Hwang YS	2024-11-06	Mov Disord	www.ncbi.nlm.nih.gov/pubmed/39503264	Identification of Novel Genetic Loci Affecting Age at Onset of Parkinson's Disease: A Genome-wide Association Study.	Parkinson's disease (age of onset)	1,048 Korean ancestry individuals	NA	5q11.2	5	58244186		LINC02101			ENSG00000248132			rs11745219-A	rs11745219	0	11745219	intron_variant	0	0.06393	4E-6	5.3979400086720375		4.166	[-5.935--2.397] unit decrease	NR [7508513] (imputed)	N	age of onset of Parkinson disease	http://purl.obolibrary.org/obo/OBA_2001009	GCST90472788	Genome-wide genotyping array
2024-12-03	39503264	Hwang YS	2024-11-06	Mov Disord	www.ncbi.nlm.nih.gov/pubmed/39503264	Identification of Novel Genetic Loci Affecting Age at Onset of Parkinson's Disease: A Genome-wide Association Study.	Parkinson's disease (age of onset)	1,048 Korean ancestry individuals	NA	6p22.1	6	28504100		GPX6			ENSG00000198704			rs143167264-TACACACACAC	rs143167264	0	143167264	3_prime_UTR_variant	0	0.3502	6E-6	5.221848749616356		2.136	[1.217-3.056] unit increase	NR [7508513] (imputed)	N	age of onset of Parkinson disease	http://purl.obolibrary.org/obo/OBA_2001009	GCST90472788	Genome-wide genotyping array
2024-12-03	39503264	Hwang YS	2024-11-06	Mov Disord	www.ncbi.nlm.nih.gov/pubmed/39503264	Identification of Novel Genetic Loci Affecting Age at Onset of Parkinson's Disease: A Genome-wide Association Study.	Parkinson's disease (age of onset)	1,048 Korean ancestry individuals	NA	10p13	10	12364534		CAMK1D			ENSG00000183049			rs72767677-T	rs72767677	0	72767677	intron_variant	0	0.02958	5E-6	5.301029995663981		5.964	[3.421-8.507] unit increase	NR [7508513] (imputed)	N	age of onset of Parkinson disease	http://purl.obolibrary.org/obo/OBA_2001009	GCST90472788	Genome-wide genotyping array
2024-12-03	39503264	Hwang YS	2024-11-06	Mov Disord	www.ncbi.nlm.nih.gov/pubmed/39503264	Identification of Novel Genetic Loci Affecting Age at Onset of Parkinson's Disease: A Genome-wide Association Study.	Parkinson's disease (age of onset)	1,048 Korean ancestry individuals	NA	12p11.22	12	29139581		CCDC91 - FAR2	ENSG00000123106	ENSG00000064763		558070	9435	rs145306654-A	rs145306654	0	145306654	intergenic_variant	1	0.03912	6E-6	5.221848749616356		5.148	[2.933-7.363] unit increase	NR [7508513] (imputed)	N	age of onset of Parkinson disease	http://purl.obolibrary.org/obo/OBA_2001009	GCST90472788	Genome-wide genotyping array
2024-12-03	39503264	Hwang YS	2024-11-06	Mov Disord	www.ncbi.nlm.nih.gov/pubmed/39503264	Identification of Novel Genetic Loci Affecting Age at Onset of Parkinson's Disease: A Genome-wide Association Study.	Parkinson's disease (age of onset)	1,048 Korean ancestry individuals	NA	14q12	14	25589743		OR7K1P - LINC02306	ENSG00000258275	ENSG00000257986		231054	51739	rs77091362-A	rs77091362	0	77091362	intergenic_variant	1	0.05677	1E-6	6.0		4.684	[-6.555--2.814] unit decrease	NR [7508513] (imputed)	N	age of onset of Parkinson disease	http://purl.obolibrary.org/obo/OBA_2001009	GCST90472788	Genome-wide genotyping array
2024-12-03	39503264	Hwang YS	2024-11-06	Mov Disord	www.ncbi.nlm.nih.gov/pubmed/39503264	Identification of Novel Genetic Loci Affecting Age at Onset of Parkinson's Disease: A Genome-wide Association Study.	Parkinson's disease (age of onset)	1,048 Korean ancestry individuals	NA	14q21.3	14	47816126		LINC00648			ENSG00000259129			rs1956307-T	rs1956307	0	1956307	intron_variant	0	0.4561	6E-6	5.221848749616356		2.012	[-2.882--1.142] unit decrease	NR [7508513] (imputed)	N	age of onset of Parkinson disease	http://purl.obolibrary.org/obo/OBA_2001009	GCST90472788	Genome-wide genotyping array
2024-12-03	39503264	Hwang YS	2024-11-06	Mov Disord	www.ncbi.nlm.nih.gov/pubmed/39503264	Identification of Novel Genetic Loci Affecting Age at Onset of Parkinson's Disease: A Genome-wide Association Study.	Parkinson's disease (age of onset)	1,048 Korean ancestry individuals	NA	20q13.13	20	50032493		SCREEM1 - TRERNA1	ENSG00000293596	ENSG00000231265		2001	8214	rs1973946-G	rs1973946	0	1973946	intergenic_variant	1	0.4146	3E-6	5.522878745280337		2.067	[-2.933--1.201] unit decrease	NR [7508513] (imputed)	N	age of onset of Parkinson disease	http://purl.obolibrary.org/obo/OBA_2001009	GCST90472788	Genome-wide genotyping array
2024-12-03	39503264	Hwang YS	2024-11-06	Mov Disord	www.ncbi.nlm.nih.gov/pubmed/39503264	Identification of Novel Genetic Loci Affecting Age at Onset of Parkinson's Disease: A Genome-wide Association Study.	Parkinson's disease (age of onset)	1,048 Korean ancestry individuals	NA	21q22.13	21	37983295		KCNJ6, DSCR4			ENSG00000157542, ENSG00000184029			rs75290401-A	rs75290401	0	75290401	intron_variant	0	0.2104	2E-6	5.698970004336019		2.613	[1.541-3.684] unit increase	NR [7508513] (imputed)	N	age of onset of Parkinson disease	http://purl.obolibrary.org/obo/OBA_2001009	GCST90472788	Genome-wide genotyping array
2024-12-03	39503264	Hwang YS	2024-11-06	Mov Disord	www.ncbi.nlm.nih.gov/pubmed/39503264	Identification of Novel Genetic Loci Affecting Age at Onset of Parkinson's Disease: A Genome-wide Association Study.	Parkinson's disease (age of onset)	1,048 Korean ancestry individuals, European ancestry individuals (see Blauwendraat, 2019)	NA	1q42.12	1	225430457		LBR - LINC02765	ENSG00000143815	ENSG00000234476		1532	9388	rs2066233-G	rs2066233	0	2066233	intergenic_variant	1	NR	7E-6	5.154901959985743		0.5707	unit decrease	NR [NR] (imputed)	N	age of onset of Parkinson disease	http://purl.obolibrary.org/obo/OBA_2001009	GCST90472789	Genome-wide genotyping array
2024-12-03	39503264	Hwang YS	2024-11-06	Mov Disord	www.ncbi.nlm.nih.gov/pubmed/39503264	Identification of Novel Genetic Loci Affecting Age at Onset of Parkinson's Disease: A Genome-wide Association Study.	Parkinson's disease (age of onset)	1,048 Korean ancestry individuals, European ancestry individuals (see Blauwendraat, 2019)	NA	4p16.3	4	958159		TMEM175			ENSG00000127419			rs34311866-C	rs34311866	0	34311866	missense_variant	0	NR	1E-6	6.0		0.6577	unit decrease	NR [NR] (imputed)	N	age of onset of Parkinson disease	http://purl.obolibrary.org/obo/OBA_2001009	GCST90472789	Genome-wide genotyping array
2024-12-03	39503264	Hwang YS	2024-11-06	Mov Disord	www.ncbi.nlm.nih.gov/pubmed/39503264	Identification of Novel Genetic Loci Affecting Age at Onset of Parkinson's Disease: A Genome-wide Association Study.	Parkinson's disease (age of onset)	1,048 Korean ancestry individuals, European ancestry individuals (see Blauwendraat, 2019)	NA	4q22.1	4	89744890		SNCA			ENSG00000145335			rs356203-T	rs356203	0	356203	intron_variant	0	NR	1E-10	10.0		0.7269	unit increase	NR [NR] (imputed)	N	age of onset of Parkinson disease	http://purl.obolibrary.org/obo/OBA_2001009	GCST90472789	Genome-wide genotyping array
2024-12-03	39503264	Hwang YS	2024-11-06	Mov Disord	www.ncbi.nlm.nih.gov/pubmed/39503264	Identification of Novel Genetic Loci Affecting Age at Onset of Parkinson's Disease: A Genome-wide Association Study.	Parkinson's disease (age of onset)	1,048 Korean ancestry individuals, European ancestry individuals (see Blauwendraat, 2019)	NA	5p13.3	5	32067267		PDZD2			ENSG00000133401			rs12054657-A	rs12054657	0	12054657	intron_variant	0	NR	6E-6	5.221848749616356		0.8537	unit decrease	NR [NR] (imputed)	N	age of onset of Parkinson disease	http://purl.obolibrary.org/obo/OBA_2001009	GCST90472789	Genome-wide genotyping array
2024-12-03	39503264	Hwang YS	2024-11-06	Mov Disord	www.ncbi.nlm.nih.gov/pubmed/39503264	Identification of Novel Genetic Loci Affecting Age at Onset of Parkinson's Disease: A Genome-wide Association Study.	Parkinson's disease (age of onset)	1,048 Korean ancestry individuals, European ancestry individuals (see Blauwendraat, 2019)	NA	9q21.31	9	81059698		RPS19P6 - RPS20P25	ENSG00000234637	ENSG00000228375		276928	350581	rs13289673-A	rs13289673	0	13289673	intergenic_variant	1	NR	2E-6	5.698970004336019		0.977	unit increase	NR [NR] (imputed)	N	age of onset of Parkinson disease	http://purl.obolibrary.org/obo/OBA_2001009	GCST90472789	Genome-wide genotyping array
2024-12-03	39503264	Hwang YS	2024-11-06	Mov Disord	www.ncbi.nlm.nih.gov/pubmed/39503264	Identification of Novel Genetic Loci Affecting Age at Onset of Parkinson's Disease: A Genome-wide Association Study.	Parkinson's disease (age of onset)	1,048 Korean ancestry individuals, European ancestry individuals (see Blauwendraat, 2019)	NA	9q33.1	9	115499024		DELEC1 - U2	ENSG00000173077	ENSG00000274862		96380	235368	rs7038462-A	rs7038462	0	7038462	intron_variant	1	NR	4E-6	5.3979400086720375		0.5854	unit decrease	NR [NR] (imputed)	N	age of onset of Parkinson disease	http://purl.obolibrary.org/obo/OBA_2001009	GCST90472789	Genome-wide genotyping array
2024-12-03	39503264	Hwang YS	2024-11-06	Mov Disord	www.ncbi.nlm.nih.gov/pubmed/39503264	Identification of Novel Genetic Loci Affecting Age at Onset of Parkinson's Disease: A Genome-wide Association Study.	Parkinson's disease (age of onset)	1,048 Korean ancestry individuals, European ancestry individuals (see Blauwendraat, 2019)	NA	10q21.3	10	65435991		MYL6P3 - LINC01515	ENSG00000227173	ENSG00000228065		266122	134347	rs1964054-G	rs1964054	0	1964054	intergenic_variant	1	NR	1E-5	5.0		0.5364	unit increase	NR [NR] (imputed)	N	age of onset of Parkinson disease	http://purl.obolibrary.org/obo/OBA_2001009	GCST90472789	Genome-wide genotyping array
2024-12-03	39503264	Hwang YS	2024-11-06	Mov Disord	www.ncbi.nlm.nih.gov/pubmed/39503264	Identification of Novel Genetic Loci Affecting Age at Onset of Parkinson's Disease: A Genome-wide Association Study.	Parkinson's disease (age of onset)	1,048 Korean ancestry individuals, European ancestry individuals (see Blauwendraat, 2019)	NA	14q32.13	14	94919170		RPL15P2 - LINC02279	ENSG00000240914	ENSG00000258933		117707	41107	rs1243578-A	rs1243578	0	1243578	regulatory_region_variant	1	NR	7E-6	5.154901959985743		0.6059	unit decrease	NR [NR] (imputed)	N	age of onset of Parkinson disease	http://purl.obolibrary.org/obo/OBA_2001009	GCST90472789	Genome-wide genotyping array
2024-12-03	39503264	Hwang YS	2024-11-06	Mov Disord	www.ncbi.nlm.nih.gov/pubmed/39503264	Identification of Novel Genetic Loci Affecting Age at Onset of Parkinson's Disease: A Genome-wide Association Study.	Parkinson's disease (age of onset)	1,048 Korean ancestry individuals, European ancestry individuals (see Blauwendraat, 2019)	NA	17p13.1	17	10049551		GAS7			ENSG00000007237			rs72809308-C	rs72809308	0	72809308	intron_variant	0	NR	3E-6	5.522878745280337		0.8329	unit decrease	NR [NR] (imputed)	N	age of onset of Parkinson disease	http://purl.obolibrary.org/obo/OBA_2001009	GCST90472789	Genome-wide genotyping array
2024-12-03	39503264	Hwang YS	2024-11-06	Mov Disord	www.ncbi.nlm.nih.gov/pubmed/39503264	Identification of Novel Genetic Loci Affecting Age at Onset of Parkinson's Disease: A Genome-wide Association Study.	Parkinson's disease (age of onset)	1,048 Korean ancestry individuals, European ancestry individuals (see Blauwendraat, 2019)	NA	19q13.32	19	44908684		APOE			ENSG00000130203			rs429358-C	rs429358	0	429358	missense_variant	0	NR	9E-6	5.045757490560675		0.7379	unit decrease	NR [NR] (imputed)	N	age of onset of Parkinson disease	http://purl.obolibrary.org/obo/OBA_2001009	GCST90472789	Genome-wide genotyping array
2024-12-03	39503264	Hwang YS	2024-11-06	Mov Disord	www.ncbi.nlm.nih.gov/pubmed/39503264	Identification of Novel Genetic Loci Affecting Age at Onset of Parkinson's Disease: A Genome-wide Association Study.	Parkinson's disease (age of onset)	1,048 Korean ancestry individuals, European ancestry individuals (see Blauwendraat, 2019)	NA	22q12.1	22	26918107		MIATNB			ENSG00000244625			rs73880245-A	rs73880245	0	73880245	intron_variant	0	NR	7E-6	5.154901959985743		0.723	unit decrease	NR [NR] (imputed)	N	age of onset of Parkinson disease	http://purl.obolibrary.org/obo/OBA_2001009	GCST90472789	Genome-wide genotyping array
2024-11-14	38167894	Huang Y	2024-01-02	NPJ Parkinsons Dis	www.ncbi.nlm.nih.gov/pubmed/38167894	Risk factors associated with age at onset of Parkinson's disease in the UK Biobank.	Parkinson's disease (age of onset) x smoking interaction	3,124 European ancestry individuals	NA	2q31.3	2	181396562		LINC01934			ENSG00000234663			rs35262123-?	rs35262123	0	35262123	intron_variant	0	NR	9E-7	6.045757490560675		4.93	unit increase	NR [9231448] (imputed)	N	age of onset of Parkinson disease, smoking behavior trait	http://purl.obolibrary.org/obo/OBA_2001009, http://purl.obolibrary.org/obo/OBA_2050116	GCST90455609	Genome-wide genotyping array
2024-11-14	38167894	Huang Y	2024-01-02	NPJ Parkinsons Dis	www.ncbi.nlm.nih.gov/pubmed/38167894	Risk factors associated with age at onset of Parkinson's disease in the UK Biobank.	Parkinson's disease (age of onset) x smoking interaction	3,124 European ancestry individuals	NA	5p14.1	5	28728415		RNU6-909P - LINC02109	ENSG00000252867	ENSG00000259786		103652	80882	rs116342784-?	rs116342784	0	116342784	intron_variant	1	NR	1E-7	7.0		5.28	unit increase	NR [9231448] (imputed)	N	age of onset of Parkinson disease, smoking behavior trait	http://purl.obolibrary.org/obo/OBA_2001009, http://purl.obolibrary.org/obo/OBA_2050116	GCST90455609	Genome-wide genotyping array
2024-11-14	38167894	Huang Y	2024-01-02	NPJ Parkinsons Dis	www.ncbi.nlm.nih.gov/pubmed/38167894	Risk factors associated with age at onset of Parkinson's disease in the UK Biobank.	Parkinson's disease (age of onset) x smoking interaction	3,124 European ancestry individuals	NA	8q23.1	8	107319619		ANGPT1			ENSG00000154188			rs10093967-?	rs10093967	0	10093967	intron_variant	0	NR	7E-7	6.154901959985743		4.97	unit decrease	NR [9231448] (imputed)	N	age of onset of Parkinson disease, smoking behavior trait	http://purl.obolibrary.org/obo/OBA_2001009, http://purl.obolibrary.org/obo/OBA_2050116	GCST90455609	Genome-wide genotyping array
2024-11-14	38167894	Huang Y	2024-01-02	NPJ Parkinsons Dis	www.ncbi.nlm.nih.gov/pubmed/38167894	Risk factors associated with age at onset of Parkinson's disease in the UK Biobank.	Parkinson's disease (age of onset) x smoking interaction	3,124 European ancestry individuals	NA	9q22.33	9	99783747		NAMA			ENSG00000271086			rs150424154-?	rs150424154	0	150424154	intron_variant	0	NR	3E-6	5.522878745280337		4.72	unit decrease	NR [9231448] (imputed)	N	age of onset of Parkinson disease, smoking behavior trait	http://purl.obolibrary.org/obo/OBA_2001009, http://purl.obolibrary.org/obo/OBA_2050116	GCST90455609	Genome-wide genotyping array
2024-11-14	38167894	Huang Y	2024-01-02	NPJ Parkinsons Dis	www.ncbi.nlm.nih.gov/pubmed/38167894	Risk factors associated with age at onset of Parkinson's disease in the UK Biobank.	Parkinson's disease (age of onset) x smoking interaction	3,124 European ancestry individuals	NA	16p13.11	16	15903646		CEP20 - RPL15P20	ENSG00000133393	ENSG00000215003		15002	28051	rs113991597-?	rs113991597	0	113991597	intergenic_variant	1	NR	1E-6	6.0		4.82	unit increase	NR [9231448] (imputed)	N	age of onset of Parkinson disease, smoking behavior trait	http://purl.obolibrary.org/obo/OBA_2001009, http://purl.obolibrary.org/obo/OBA_2050116	GCST90455609	Genome-wide genotyping array
2024-11-14	38167894	Huang Y	2024-01-02	NPJ Parkinsons Dis	www.ncbi.nlm.nih.gov/pubmed/38167894	Risk factors associated with age at onset of Parkinson's disease in the UK Biobank.	Parkinson's disease (age of onset) x smoking interaction	3,124 European ancestry individuals	NA	16q21	16	65225170		LINC02126 - LINC00922	ENSG00000259847	ENSG00000261742		48375	59323	rs9934772-?	rs9934772	0	9934772	intron_variant	1	NR	2E-6	5.698970004336019		4.77	unit decrease	NR [9231448] (imputed)	N	age of onset of Parkinson disease, smoking behavior trait	http://purl.obolibrary.org/obo/OBA_2001009, http://purl.obolibrary.org/obo/OBA_2050116	GCST90455609	Genome-wide genotyping array
2024-11-14	38167894	Huang Y	2024-01-02	NPJ Parkinsons Dis	www.ncbi.nlm.nih.gov/pubmed/38167894	Risk factors associated with age at onset of Parkinson's disease in the UK Biobank.	Parkinson's disease (age of onset) x smoking interaction	3,124 European ancestry individuals	NA	17q21.33	17	51628859		LINC02073 - CA10	ENSG00000267452	ENSG00000154975		107457	1454	rs540268581-?	rs540268581	0	540268581	intergenic_variant	1	NR	1E-6	6.0		4.91	unit increase	NR [9231448] (imputed)	N	age of onset of Parkinson disease, smoking behavior trait	http://purl.obolibrary.org/obo/OBA_2001009, http://purl.obolibrary.org/obo/OBA_2050116	GCST90455609	Genome-wide genotyping array
2024-11-14	38167894	Huang Y	2024-01-02	NPJ Parkinsons Dis	www.ncbi.nlm.nih.gov/pubmed/38167894	Risk factors associated with age at onset of Parkinson's disease in the UK Biobank.	Parkinson's disease (age of onset) x smoking interaction	3,124 European ancestry individuals	NA	1q32.1	1	204263844		PLEKHA6			ENSG00000143850			rs4951056-?	rs4951056	0	4951056	intron_variant	0	NR	5E-6	5.301029995663981		4.58	unit increase	NR [9231448] (imputed)	N	age of onset of Parkinson disease, smoking behavior trait	http://purl.obolibrary.org/obo/OBA_2001009, http://purl.obolibrary.org/obo/OBA_2050116	GCST90455609	Genome-wide genotyping array
2022-08-26	35970579	Grover S	2022-05-26	Neurology	www.ncbi.nlm.nih.gov/pubmed/35970579	Genome-wide Association and Meta-analysis of Age at Onset in Parkinson Disease: Evidence From the COURAGE-PD Consortium.	Age of onset of parkinson disease	7,847 European ancestry individuals, 688 East Asian ancestry individuals	NA	5q21.2	5	103460240		PDZPH1P			ENSG00000226926			rs62365561-A	rs62365561	0	62365561	intron_variant	0	0.908	7E-7	6.154901959985743		1.456	[0.88-2.03] unit decrease	Illumina [NR] (imputed)	N	age of onset of Parkinson disease	http://purl.obolibrary.org/obo/OBA_2001009	GCST90133315	Genome-wide genotyping array
2022-08-26	35970579	Grover S	2022-05-26	Neurology	www.ncbi.nlm.nih.gov/pubmed/35970579	Genome-wide Association and Meta-analysis of Age at Onset in Parkinson Disease: Evidence From the COURAGE-PD Consortium.	Age of onset of parkinson disease	7,847 European ancestry individuals, 688 East Asian ancestry individuals	NA	14q32.12	14	93183156		MOAP1			ENSG00000165943			rs1046099-A	rs1046099	0	1046099	3_prime_UTR_variant	0	0.329	3E-6	5.522878745280337		0.828	[0.48-1.18] unit decrease	Illumina [NR] (imputed)	N	age of onset of Parkinson disease	http://purl.obolibrary.org/obo/OBA_2001009	GCST90133315	Genome-wide genotyping array
2022-08-26	35970579	Grover S	2022-05-26	Neurology	www.ncbi.nlm.nih.gov/pubmed/35970579	Genome-wide Association and Meta-analysis of Age at Onset in Parkinson Disease: Evidence From the COURAGE-PD Consortium.	Age of onset of parkinson disease	7,847 European ancestry individuals, 688 East Asian ancestry individuals, 17,415 individuals	NA	4p16.3	4	958159		TMEM175			ENSG00000127419			rs34311866-T	rs34311866	0	34311866	missense_variant	0	0.791	3E-7	6.522878745280337		0.589	[0.37-0.81] unit increase	Illumina [NR] (imputed)	N	age of onset of Parkinson disease	http://purl.obolibrary.org/obo/OBA_2001009	GCST90133316	Genome-wide genotyping array
2022-08-26	35970579	Grover S	2022-05-26	Neurology	www.ncbi.nlm.nih.gov/pubmed/35970579	Genome-wide Association and Meta-analysis of Age at Onset in Parkinson Disease: Evidence From the COURAGE-PD Consortium.	Age of onset of parkinson disease	7,847 European ancestry individuals, 688 East Asian ancestry individuals, 17,415 individuals	NA	4p15.32	4	15735725		BST1			ENSG00000109743			rs4698412-A	rs4698412	0	4698412	intron_variant	0	0.562	4E-8	7.3979400086720375		0.526	[0.34-0.71] unit decrease	Illumina [NR] (imputed)	N	age of onset of Parkinson disease	http://purl.obolibrary.org/obo/OBA_2001009	GCST90133316	Genome-wide genotyping array
2022-08-26	35970579	Grover S	2022-05-26	Neurology	www.ncbi.nlm.nih.gov/pubmed/35970579	Genome-wide Association and Meta-analysis of Age at Onset in Parkinson Disease: Evidence From the COURAGE-PD Consortium.	Age of onset of parkinson disease	7,847 European ancestry individuals, 688 East Asian ancestry individuals, 17,415 individuals	NA	4q22.1	4	89840793		SNCA-AS1			ENSG00000247775			rs983361-T	rs983361	0	983361	intron_variant	0	0.204	3E-9	8.522878745280337		0.72	[0.48-0.96] unit increase	Illumina [NR] (imputed)	N	age of onset of Parkinson disease	http://purl.obolibrary.org/obo/OBA_2001009	GCST90133316	Genome-wide genotyping array
2022-08-26	35970579	Grover S	2022-05-26	Neurology	www.ncbi.nlm.nih.gov/pubmed/35970579	Genome-wide Association and Meta-analysis of Age at Onset in Parkinson Disease: Evidence From the COURAGE-PD Consortium.	Age of onset of parkinson disease	7,847 European ancestry individuals, 688 East Asian ancestry individuals, 17,415 individuals	NA	9q31.1	9	102478879		RNU6-329P - CCSER2P1	ENSG00000238882	ENSG00000235901		222169	36325	rs62582905-T	rs62582905	0	62582905	intron_variant	1	0.039	7E-7	6.154901959985743		1.456	[0.88-2.03] unit decrease	Illumina [NR] (imputed)	N	age of onset of Parkinson disease	http://purl.obolibrary.org/obo/OBA_2001009	GCST90133316	Genome-wide genotyping array
2022-08-26	35970579	Grover S	2022-05-26	Neurology	www.ncbi.nlm.nih.gov/pubmed/35970579	Genome-wide Association and Meta-analysis of Age at Onset in Parkinson Disease: Evidence From the COURAGE-PD Consortium.	Age of onset of parkinson disease	7,847 European ancestry individuals, 688 East Asian ancestry individuals, 17,415 individuals	NA	19q13.32	19	44908684		APOE			ENSG00000130203			rs429358-T	rs429358	0	429358	missense_variant	0	0.866	1E-6	6.0		0.695	[0.41-0.98] unit increase	Illumina [NR] (imputed)	N	age of onset of Parkinson disease	http://purl.obolibrary.org/obo/OBA_2001009	GCST90133316	Genome-wide genotyping array
